Dirty Martini,20036
Instant Noodle,22044
Todd Gray's Watershed,22015
Eleventh Street Lounge,20077
Overwood,22031
Asia Nine Bar & Lounge,20814
Lost Society,20832
South Block Smoothie & Wrap Co.,22079
The Front Page Restaurant & Grille,22305
Bikram Yoga Capitol hill,20744
Bobby Lew's Saloon,20007
James Hoban's,22311
Clarendon Grill,20057
Park Cafe,20012
District 2 Bar & Grille,22201
The Ugly Mug,20010
901 Restaurant & Bar,20050
Charmthai ,20019
Front Page Arlington,22124
Rocket Bar,22209
Truorleans,22060
Granville Moore's,20310
1905 Bistro,22302
Iron Horse,20815
The Boulevard Woodgrill,20442
La Tasca,20906
Fire Works Pizza,22310
Mister Day's,22042
Tonic at Quigley's Restaurant,20525
Montmartre,20744